"","연도","title","opendt","code","score","100만","200만","300만","400만","500만","600만","700만","800만","900만","1000만","1100만","1200만","1300만","1400만","1500만","1600만","1700만"
"1","2017","택시운전사","2017-08-02","http://www.kobis.or.kr/kobis/business/mast/mvie/searchMovieDtlXls.do?code=20162869&sType=box",12186327,2,3,4,5,7,9,11,13,14,19,25,39,NA,NA,NA,NA,NA
"2","2017","신과함께-죄와 벌","2017-12-20","http://www.kobis.or.kr/kobis/business/mast/mvie/searchMovieDtlXls.do?code=20150976&sType=box",8539495,3,4,5,6,7,9,11,12,13,16,18,23,28,42,NA,NA,NA
"3","2017","공조","2017-01-18","http://www.kobis.or.kr/kobis/business/mast/mvie/searchMovieDtlXls.do?code=20151228&sType=box",7817618,5,10,12,13,15,19,25,NA,NA,NA,NA,NA,NA,NA,NA,NA,NA
"4","2017","범죄도시","2017-10-03","http://www.kobis.or.kr/kobis/business/mast/mvie/searchMovieDtlXls.do?code=20172742&sType=box",6879841,4,7,12,16,21,30,NA,NA,NA,NA,NA,NA,NA,NA,NA,NA,NA
"5","2017","군함도","2017-07-26","http://www.kobis.or.kr/kobis/business/mast/mvie/searchMovieDtlXls.do?code=20161481&sType=box",6592151,2,3,4,5,8,12,NA,NA,NA,NA,NA,NA,NA,NA,NA,NA,NA
"6","2017","청년경찰","2017-08-09","http://www.kobis.or.kr/kobis/business/mast/mvie/searchMovieDtlXls.do?code=20162442&sType=box",5653270,4,6,9,13,22,NA,NA,NA,NA,NA,NA,NA,NA,NA,NA,NA,NA
"7","2017","더 킹","2017-01-18","http://www.kobis.or.kr/kobis/business/mast/mvie/searchMovieDtlXls.do?code=20151229&sType=box",5317693,4,6,11,13,20,NA,NA,NA,NA,NA,NA,NA,NA,NA,NA,NA,NA
"8","2017","꾼","2017-11-22","http://www.kobis.or.kr/kobis/business/mast/mvie/searchMovieDtlXls.do?code=20165748&sType=box",4018035,4,8,13,27,NA,NA,NA,NA,NA,NA,NA,NA,NA,NA,NA,NA,NA
"9","2017","강철비","2017-12-14","http://www.kobis.or.kr/kobis/business/mast/mvie/searchMovieDtlXls.do?code=20170402&sType=box",4014293,3,6,11,18,NA,NA,NA,NA,NA,NA,NA,NA,NA,NA,NA,NA,NA
"10","2017","남한산성","2017-10-03","http://www.kobis.or.kr/kobis/business/mast/mvie/searchMovieDtlXls.do?code=20165450&sType=box",3849087,2,4,7,NA,NA,NA,NA,NA,NA,NA,NA,NA,NA,NA,NA,NA,NA
"11","2017","아이 캔 스피크","2017-09-21","http://www.kobis.or.kr/kobis/business/mast/mvie/searchMovieDtlXls.do?code=20174142&sType=box",3279296,7,13,20,NA,NA,NA,NA,NA,NA,NA,NA,NA,NA,NA,NA,NA,NA
"12","2017","프리즌","2017-03-23","http://www.kobis.or.kr/kobis/business/mast/mvie/searchMovieDtlXls.do?code=20162181&sType=box",2931897,4,10,NA,NA,NA,NA,NA,NA,NA,NA,NA,NA,NA,NA,NA,NA,NA
"13","2017","살인자의 기억법","2017-09-06","http://www.kobis.or.kr/kobis/business/mast/mvie/searchMovieDtlXls.do?code=20154909&sType=box",2658589,5,12,NA,NA,NA,NA,NA,NA,NA,NA,NA,NA,NA,NA,NA,NA,NA
"14","2017","보안관","2017-05-03","http://www.kobis.or.kr/kobis/business/mast/mvie/searchMovieDtlXls.do?code=20162722&sType=box",2588628,5,11,NA,NA,NA,NA,NA,NA,NA,NA,NA,NA,NA,NA,NA,NA,NA
"15","2017","조작된 도시","2017-02-09","http://www.kobis.or.kr/kobis/business/mast/mvie/searchMovieDtlXls.do?code=20150964&sType=box",2515501,4,12,NA,NA,NA,NA,NA,NA,NA,NA,NA,NA,NA,NA,NA,NA,NA
"16","2017","재심","2017-02-15","http://www.kobis.or.kr/kobis/business/mast/mvie/searchMovieDtlXls.do?code=20166421&sType=box",2421197,5,14,NA,NA,NA,NA,NA,NA,NA,NA,NA,NA,NA,NA,NA,NA,NA
"17","2017","박열","2017-06-28","http://www.kobis.or.kr/kobis/business/mast/mvie/searchMovieDtlXls.do?code=20178982&sType=box",2359206,5,16,NA,NA,NA,NA,NA,NA,NA,NA,NA,NA,NA,NA,NA,NA,NA
"18","2017","마스터","2016-12-21","http://www.kobis.or.kr/kobis/business/mast/mvie/searchMovieDtlXls.do?code=20161725&sType=box",2215266,3,4,5,9,12,17,26,NA,NA,NA,NA,NA,NA,NA,NA,NA,NA
"19","2017","1987","2017-12-27","http://www.kobis.or.kr/kobis/business/mast/mvie/searchMovieDtlXls.do?code=20170590&sType=box",1942077,4,6,9,12,18,21,33,NA,NA,NA,NA,NA,NA,NA,NA,NA,NA
"20","2017","노무현입니다","2017-05-25","http://www.kobis.or.kr/kobis/business/mast/mvie/searchMovieDtlXls.do?code=20174602&sType=box",1855149,10,NA,NA,NA,NA,NA,NA,NA,NA,NA,NA,NA,NA,NA,NA,NA,NA
"21","2017","임금님의 사건수첩","2017-04-26","http://www.kobis.or.kr/kobis/business/mast/mvie/searchMovieDtlXls.do?code=20161726&sType=box",1635003,8,NA,NA,NA,NA,NA,NA,NA,NA,NA,NA,NA,NA,NA,NA,NA,NA
"22","2017","부라더","2017-11-02","http://www.kobis.or.kr/kobis/business/mast/mvie/searchMovieDtlXls.do?code=20172603&sType=box",1492903,9,NA,NA,NA,NA,NA,NA,NA,NA,NA,NA,NA,NA,NA,NA,NA,NA
"23","2017","기억의 밤","2017-11-29","http://www.kobis.or.kr/kobis/business/mast/mvie/searchMovieDtlXls.do?code=20173581&sType=box",1386611,12,NA,NA,NA,NA,NA,NA,NA,NA,NA,NA,NA,NA,NA,NA,NA,NA
"24","2017","브이아이피","2017-08-23","http://www.kobis.or.kr/kobis/business/mast/mvie/searchMovieDtlXls.do?code=20164174&sType=box",1373316,6,NA,NA,NA,NA,NA,NA,NA,NA,NA,NA,NA,NA,NA,NA,NA,NA
"25","2017","특별시민","2017-04-26","http://www.kobis.or.kr/kobis/business/mast/mvie/searchMovieDtlXls.do?code=20162871&sType=box",1362634,6,NA,NA,NA,NA,NA,NA,NA,NA,NA,NA,NA,NA,NA,NA,NA,NA
"26","2017","장산범","2017-08-17","http://www.kobis.or.kr/kobis/business/mast/mvie/searchMovieDtlXls.do?code=20151003&sType=box",1306438,10,NA,NA,NA,NA,NA,NA,NA,NA,NA,NA,NA,NA,NA,NA,NA,NA
"27","2017","악녀","2017-06-08","http://www.kobis.or.kr/kobis/business/mast/mvie/searchMovieDtlXls.do?code=20162343&sType=box",1208081,14,NA,NA,NA,NA,NA,NA,NA,NA,NA,NA,NA,NA,NA,NA,NA,NA
"28","2017","해빙","2017-03-01","http://www.kobis.or.kr/kobis/business/mast/mvie/searchMovieDtlXls.do?code=20150971&sType=box",1204600,8,NA,NA,NA,NA,NA,NA,NA,NA,NA,NA,NA,NA,NA,NA,NA,NA
"29","2017","하루","2017-06-15","http://www.kobis.or.kr/kobis/business/mast/mvie/searchMovieDtlXls.do?code=20166384&sType=box",1129609,12,NA,NA,NA,NA,NA,NA,NA,NA,NA,NA,NA,NA,NA,NA,NA,NA
"30","2017","불한당: 나쁜 놈들의 세상","2017-05-17","http://www.kobis.or.kr/kobis/business/mast/mvie/searchMovieDtlXls.do?code=20164844&sType=box",939535,NA,NA,NA,NA,NA,NA,NA,NA,NA,NA,NA,NA,NA,NA,NA,NA,NA
"31","2017","대립군","2017-05-31","http://www.kobis.or.kr/kobis/business/mast/mvie/searchMovieDtlXls.do?code=20169348&sType=box",837500,NA,NA,NA,NA,NA,NA,NA,NA,NA,NA,NA,NA,NA,NA,NA,NA,NA
"32","2017","뽀로로 극장판 공룡섬 대모험","2017-12-07","http://www.kobis.or.kr/kobis/business/mast/mvie/searchMovieDtlXls.do?code=20174846&sType=box",773743,NA,NA,NA,NA,NA,NA,NA,NA,NA,NA,NA,NA,NA,NA,NA,NA,NA
"33","2017","아빠는 딸","2017-04-12","http://www.kobis.or.kr/kobis/business/mast/mvie/searchMovieDtlXls.do?code=20151227&sType=box",647305,NA,NA,NA,NA,NA,NA,NA,NA,NA,NA,NA,NA,NA,NA,NA,NA,NA
"34","2017","침묵","2017-11-02","http://www.kobis.or.kr/kobis/business/mast/mvie/searchMovieDtlXls.do?code=20169643&sType=box",494097,NA,NA,NA,NA,NA,NA,NA,NA,NA,NA,NA,NA,NA,NA,NA,NA,NA
"35","2017","리얼","2017-06-28","http://www.kobis.or.kr/kobis/business/mast/mvie/searchMovieDtlXls.do?code=20159647&sType=box",470105,NA,NA,NA,NA,NA,NA,NA,NA,NA,NA,NA,NA,NA,NA,NA,NA,NA
"36","2017","반드시 잡는다","2017-11-29","http://www.kobis.or.kr/kobis/business/mast/mvie/searchMovieDtlXls.do?code=20161762&sType=box",446780,NA,NA,NA,NA,NA,NA,NA,NA,NA,NA,NA,NA,NA,NA,NA,NA,NA
"37","2017","원라인","2017-03-29","http://www.kobis.or.kr/kobis/business/mast/mvie/searchMovieDtlXls.do?code=20151230&sType=box",435048,NA,NA,NA,NA,NA,NA,NA,NA,NA,NA,NA,NA,NA,NA,NA,NA,NA
"38","2017","터닝메카드W: 블랙미러의 부활","2017-01-18","http://www.kobis.or.kr/kobis/business/mast/mvie/searchMovieDtlXls.do?code=20163845&sType=box",429933,NA,NA,NA,NA,NA,NA,NA,NA,NA,NA,NA,NA,NA,NA,NA,NA,NA
"39","2017","넛잡 2","2017-10-03","http://www.kobis.or.kr/kobis/business/mast/mvie/searchMovieDtlXls.do?code=20171817&sType=box",411787,NA,NA,NA,NA,NA,NA,NA,NA,NA,NA,NA,NA,NA,NA,NA,NA,NA
"40","2017","보통사람","2017-03-23","http://www.kobis.or.kr/kobis/business/mast/mvie/searchMovieDtlXls.do?code=20167902&sType=box",383336,NA,NA,NA,NA,NA,NA,NA,NA,NA,NA,NA,NA,NA,NA,NA,NA,NA
"41","2017","대장 김창수","2017-10-19","http://www.kobis.or.kr/kobis/business/mast/mvie/searchMovieDtlXls.do?code=20164424&sType=box",381483,NA,NA,NA,NA,NA,NA,NA,NA,NA,NA,NA,NA,NA,NA,NA,NA,NA
"42","2017","석조저택 살인사건","2017-05-09","http://www.kobis.or.kr/kobis/business/mast/mvie/searchMovieDtlXls.do?code=20156708&sType=box",353517,NA,NA,NA,NA,NA,NA,NA,NA,NA,NA,NA,NA,NA,NA,NA,NA,NA
"43","2017","싱글라이더","2017-02-22","http://www.kobis.or.kr/kobis/business/mast/mvie/searchMovieDtlXls.do?code=20161723&sType=box",351276,NA,NA,NA,NA,NA,NA,NA,NA,NA,NA,NA,NA,NA,NA,NA,NA,NA
"44","2017","7호실","2017-11-15","http://www.kobis.or.kr/kobis/business/mast/mvie/searchMovieDtlXls.do?code=20168754&sType=box",347790,NA,NA,NA,NA,NA,NA,NA,NA,NA,NA,NA,NA,NA,NA,NA,NA,NA
"45","2017","사랑하기 때문에","2017-01-04","http://www.kobis.or.kr/kobis/business/mast/mvie/searchMovieDtlXls.do?code=20150966&sType=box",324526,NA,NA,NA,NA,NA,NA,NA,NA,NA,NA,NA,NA,NA,NA,NA,NA,NA
"46","2017","희생부활자","2017-10-12","http://www.kobis.or.kr/kobis/business/mast/mvie/searchMovieDtlXls.do?code=20154907&sType=box",323628,NA,NA,NA,NA,NA,NA,NA,NA,NA,NA,NA,NA,NA,NA,NA,NA,NA
"47","2017","판도라","2016-12-07","http://www.kobis.or.kr/kobis/business/mast/mvie/searchMovieDtlXls.do?code=20144641&sType=box",270936,5,9,12,21,NA,NA,NA,NA,NA,NA,NA,NA,NA,NA,NA,NA,NA
"48","2017","공범자들","2017-08-17","http://www.kobis.or.kr/kobis/business/mast/mvie/searchMovieDtlXls.do?code=20179187&sType=box",260514,NA,NA,NA,NA,NA,NA,NA,NA,NA,NA,NA,NA,NA,NA,NA,NA,NA
"49","2017","미옥","2017-11-09","http://www.kobis.or.kr/kobis/business/mast/mvie/searchMovieDtlXls.do?code=20161681&sType=box",238587,NA,NA,NA,NA,NA,NA,NA,NA,NA,NA,NA,NA,NA,NA,NA,NA,NA
"50","2017","어느날","2017-04-05","http://www.kobis.or.kr/kobis/business/mast/mvie/searchMovieDtlXls.do?code=20167901&sType=box",234829,NA,NA,NA,NA,NA,NA,NA,NA,NA,NA,NA,NA,NA,NA,NA,NA,NA
"51","2018","스파이더맨: 홈 커밍","2017-07-05","http://www.kobis.or.kr/kobis/business/mast/mvie/searchMovieDtlXls.do?code=20167303&sType=box",7258678,3,4,5,7,11,13,22,NA,NA,NA,NA,NA,NA,NA,NA,NA,NA
"52","2018","미녀와 야수","2017-03-16","http://www.kobis.or.kr/kobis/business/mast/mvie/searchMovieDtlXls.do?code=20164721&sType=box",5138328,3,8,11,18,39,NA,NA,NA,NA,NA,NA,NA,NA,NA,NA,NA,NA
"53","2018","킹스맨: 골든 서클","2017-09-27","http://www.kobis.or.kr/kobis/business/mast/mvie/searchMovieDtlXls.do?code=20175222&sType=box",4945484,3,5,7,11,NA,NA,NA,NA,NA,NA,NA,NA,NA,NA,NA,NA,NA
"54","2018","토르: 라그나로크","2017-10-25","http://www.kobis.or.kr/kobis/business/mast/mvie/searchMovieDtlXls.do?code=20175121&sType=box",4853778,4,5,11,18,NA,NA,NA,NA,NA,NA,NA,NA,NA,NA,NA,NA,NA
"55","2018","미이라","2017-06-06","http://www.kobis.or.kr/kobis/business/mast/mvie/searchMovieDtlXls.do?code=20166488&sType=box",3689325,2,6,12,NA,NA,NA,NA,NA,NA,NA,NA,NA,NA,NA,NA,NA,NA
"56","2018","분노의 질주: 더 익스트림","2017-04-12","http://www.kobis.or.kr/kobis/business/mast/mvie/searchMovieDtlXls.do?code=20167542&sType=box",3653238,4,10,18,NA,NA,NA,NA,NA,NA,NA,NA,NA,NA,NA,NA,NA,NA
"57","2018","너의 이름은.","2017-01-04","http://www.kobis.or.kr/kobis/business/mast/mvie/searchMovieDtlXls.do?code=20161872&sType=box",3637608,5,11,19,NA,NA,NA,NA,NA,NA,NA,NA,NA,NA,NA,NA,NA,NA
"58","2018","슈퍼배드 3","2017-07-26","http://www.kobis.or.kr/kobis/business/mast/mvie/searchMovieDtlXls.do?code=20173403&sType=box",3324874,5,9,19,NA,NA,NA,NA,NA,NA,NA,NA,NA,NA,NA,NA,NA,NA
"59","2018","캐리비안의 해적: 죽은 자는 말이 없다","2017-05-24","http://www.kobis.or.kr/kobis/business/mast/mvie/searchMovieDtlXls.do?code=20170982&sType=box",3049894,4,10,26,NA,NA,NA,NA,NA,NA,NA,NA,NA,NA,NA,NA,NA,NA
"60","2018","덩케르크","2017-07-20","http://www.kobis.or.kr/kobis/business/mast/mvie/searchMovieDtlXls.do?code=20164621&sType=box",2788732,4,10,NA,NA,NA,NA,NA,NA,NA,NA,NA,NA,NA,NA,NA,NA,NA
"61","2018","가디언즈 오브 갤럭시 VOL. 2","2017-05-03","http://www.kobis.or.kr/kobis/business/mast/mvie/searchMovieDtlXls.do?code=20163603&sType=box",2735721,3,7,NA,NA,NA,NA,NA,NA,NA,NA,NA,NA,NA,NA,NA,NA,NA
"62","2018","트랜스포머: 최후의 기사","2017-06-21","http://www.kobis.or.kr/kobis/business/mast/mvie/searchMovieDtlXls.do?code=20166967&sType=box",2614601,4,8,NA,NA,NA,NA,NA,NA,NA,NA,NA,NA,NA,NA,NA,NA,NA
"63","2018","보스 베이비","2017-05-03","http://www.kobis.or.kr/kobis/business/mast/mvie/searchMovieDtlXls.do?code=20174061&sType=box",2452245,4,15,NA,NA,NA,NA,NA,NA,NA,NA,NA,NA,NA,NA,NA,NA,NA
"64","2018","모아나","2017-01-12","http://www.kobis.or.kr/kobis/business/mast/mvie/searchMovieDtlXls.do?code=20165443&sType=box",2310206,10,24,NA,NA,NA,NA,NA,NA,NA,NA,NA,NA,NA,NA,NA,NA,NA
"65","2018","로건","2017-03-01","http://www.kobis.or.kr/kobis/business/mast/mvie/searchMovieDtlXls.do?code=20161827&sType=box",2169109,5,18,NA,NA,NA,NA,NA,NA,NA,NA,NA,NA,NA,NA,NA,NA,NA
"66","2018","원더 우먼","2017-05-31","http://www.kobis.or.kr/kobis/business/mast/mvie/searchMovieDtlXls.do?code=20168261&sType=box",2165401,5,18,NA,NA,NA,NA,NA,NA,NA,NA,NA,NA,NA,NA,NA,NA,NA
"67","2018","겟 아웃","2017-05-17","http://www.kobis.or.kr/kobis/business/mast/mvie/searchMovieDtlXls.do?code=20175262&sType=box",2138174,5,19,NA,NA,NA,NA,NA,NA,NA,NA,NA,NA,NA,NA,NA,NA,NA
"68","2018","혹성탈출: 종의 전쟁","2017-08-15","http://www.kobis.or.kr/kobis/business/mast/mvie/searchMovieDtlXls.do?code=20179901&sType=box",2051315,5,17,NA,NA,NA,NA,NA,NA,NA,NA,NA,NA,NA,NA,NA,NA,NA
"69","2018","애나벨 : 인형의 주인","2017-08-10","http://www.kobis.or.kr/kobis/business/mast/mvie/searchMovieDtlXls.do?code=20161081&sType=box",1934270,5,NA,NA,NA,NA,NA,NA,NA,NA,NA,NA,NA,NA,NA,NA,NA,NA
"70","2018","저스티스 리그","2017-11-15","http://www.kobis.or.kr/kobis/business/mast/mvie/searchMovieDtlXls.do?code=20168221&sType=box",1786383,5,NA,NA,NA,NA,NA,NA,NA,NA,NA,NA,NA,NA,NA,NA,NA,NA
"71","2018","킬러의 보디가드","2017-08-30","http://www.kobis.or.kr/kobis/business/mast/mvie/searchMovieDtlXls.do?code=20171962&sType=box",1721757,10,NA,NA,NA,NA,NA,NA,NA,NA,NA,NA,NA,NA,NA,NA,NA,NA
"72","2018","콩: 스컬 아일랜드","2017-03-08","http://www.kobis.or.kr/kobis/business/mast/mvie/searchMovieDtlXls.do?code=20168183&sType=box",1689717,5,NA,NA,NA,NA,NA,NA,NA,NA,NA,NA,NA,NA,NA,NA,NA,NA
"73","2018","23 아이덴티티","2017-02-22","http://www.kobis.or.kr/kobis/business/mast/mvie/searchMovieDtlXls.do?code=20170241&sType=box",1675819,6,NA,NA,NA,NA,NA,NA,NA,NA,NA,NA,NA,NA,NA,NA,NA,NA
"74","2018","해피 데스데이","2017-11-08","http://www.kobis.or.kr/kobis/business/mast/mvie/searchMovieDtlXls.do?code=20174622&sType=box",1382650,12,NA,NA,NA,NA,NA,NA,NA,NA,NA,NA,NA,NA,NA,NA,NA,NA
"75","2018","에이리언: 커버넌트","2017-05-09","http://www.kobis.or.kr/kobis/business/mast/mvie/searchMovieDtlXls.do?code=20179382&sType=box",1307226,7,NA,NA,NA,NA,NA,NA,NA,NA,NA,NA,NA,NA,NA,NA,NA,NA
"76","2018","라라랜드","2016-12-07","http://www.kobis.or.kr/kobis/business/mast/mvie/searchMovieDtlXls.do?code=20167904&sType=box",1185287,11,20,46,NA,NA,NA,NA,NA,NA,NA,NA,NA,NA,NA,NA,NA,NA
"77","2018","지오스톰","2017-10-19","http://www.kobis.or.kr/kobis/business/mast/mvie/searchMovieDtlXls.do?code=20173694&sType=box",1028384,14,NA,NA,NA,NA,NA,NA,NA,NA,NA,NA,NA,NA,NA,NA,NA,NA
"78","2018","스타워즈: 라스트 제다이","2017-12-14","http://www.kobis.or.kr/kobis/business/mast/mvie/searchMovieDtlXls.do?code=20170443&sType=box",946547,NA,NA,NA,NA,NA,NA,NA,NA,NA,NA,NA,NA,NA,NA,NA,NA,NA
"79","2018","그것","2017-09-06","http://www.kobis.or.kr/kobis/business/mast/mvie/searchMovieDtlXls.do?code=20179696&sType=box",888836,NA,NA,NA,NA,NA,NA,NA,NA,NA,NA,NA,NA,NA,NA,NA,NA,NA
"80","2018","오리엔트 특급 살인","2017-11-29","http://www.kobis.or.kr/kobis/business/mast/mvie/searchMovieDtlXls.do?code=20178581&sType=box",863567,NA,NA,NA,NA,NA,NA,NA,NA,NA,NA,NA,NA,NA,NA,NA,NA,NA
"81","2018","베이비 드라이버","2017-09-14","http://www.kobis.or.kr/kobis/business/mast/mvie/searchMovieDtlXls.do?code=20171090&sType=box",822769,NA,NA,NA,NA,NA,NA,NA,NA,NA,NA,NA,NA,NA,NA,NA,NA,NA
"82","2018","위대한 쇼맨","2017-12-20","http://www.kobis.or.kr/kobis/business/mast/mvie/searchMovieDtlXls.do?code=20179462&sType=box",814585,18,NA,NA,NA,NA,NA,NA,NA,NA,NA,NA,NA,NA,NA,NA,NA,NA
"83","2018","레지던트 이블: 파멸의 날","2017-01-25","http://www.kobis.or.kr/kobis/business/mast/mvie/searchMovieDtlXls.do?code=20168688&sType=box",765259,NA,NA,NA,NA,NA,NA,NA,NA,NA,NA,NA,NA,NA,NA,NA,NA,NA
"84","2018","공각기동대 : 고스트 인 더 쉘","2017-03-29","http://www.kobis.or.kr/kobis/business/mast/mvie/searchMovieDtlXls.do?code=20163194&sType=box",764072,NA,NA,NA,NA,NA,NA,NA,NA,NA,NA,NA,NA,NA,NA,NA,NA,NA
"85","2018","트롤","2017-02-16","http://www.kobis.or.kr/kobis/business/mast/mvie/searchMovieDtlXls.do?code=20161744&sType=box",675966,NA,NA,NA,NA,NA,NA,NA,NA,NA,NA,NA,NA,NA,NA,NA,NA,NA
"86","2018","패신저스","2017-01-04","http://www.kobis.or.kr/kobis/business/mast/mvie/searchMovieDtlXls.do?code=20161084&sType=box",668576,NA,NA,NA,NA,NA,NA,NA,NA,NA,NA,NA,NA,NA,NA,NA,NA,NA
"87","2018","씽","2016-12-21","http://www.kobis.or.kr/kobis/business/mast/mvie/searchMovieDtlXls.do?code=20162025&sType=box",667598,11,NA,NA,NA,NA,NA,NA,NA,NA,NA,NA,NA,NA,NA,NA,NA,NA
"88","2018","컨택트","2017-02-02","http://www.kobis.or.kr/kobis/business/mast/mvie/searchMovieDtlXls.do?code=20179281&sType=box",634150,NA,NA,NA,NA,NA,NA,NA,NA,NA,NA,NA,NA,NA,NA,NA,NA,NA
"89","2018","47 미터","2017-07-19","http://www.kobis.or.kr/kobis/business/mast/mvie/searchMovieDtlXls.do?code=20177181&sType=box",590045,NA,NA,NA,NA,NA,NA,NA,NA,NA,NA,NA,NA,NA,NA,NA,NA,NA
"90","2018","메리와 마녀의 꽃","2017-12-07","http://www.kobis.or.kr/kobis/business/mast/mvie/searchMovieDtlXls.do?code=20174585&sType=box",535331,NA,NA,NA,NA,NA,NA,NA,NA,NA,NA,NA,NA,NA,NA,NA,NA,NA
"91","2018","얼라이드","2017-01-11","http://www.kobis.or.kr/kobis/business/mast/mvie/searchMovieDtlXls.do?code=20168381&sType=box",518886,NA,NA,NA,NA,NA,NA,NA,NA,NA,NA,NA,NA,NA,NA,NA,NA,NA
"92","2018","발레리안: 천 개 행성의 도시","2017-08-30","http://www.kobis.or.kr/kobis/business/mast/mvie/searchMovieDtlXls.do?code=20158047&sType=box",511931,NA,NA,NA,NA,NA,NA,NA,NA,NA,NA,NA,NA,NA,NA,NA,NA,NA
"93","2018","그레이트 월","2017-02-15","http://www.kobis.or.kr/kobis/business/mast/mvie/searchMovieDtlXls.do?code=20163580&sType=box",501486,NA,NA,NA,NA,NA,NA,NA,NA,NA,NA,NA,NA,NA,NA,NA,NA,NA
"94","2018","카3: 새로운 도전","2017-07-13","http://www.kobis.or.kr/kobis/business/mast/mvie/searchMovieDtlXls.do?code=20175522&sType=box",487916,NA,NA,NA,NA,NA,NA,NA,NA,NA,NA,NA,NA,NA,NA,NA,NA,NA
"95","2018","트리플 엑스 리턴즈","2017-02-08","http://www.kobis.or.kr/kobis/business/mast/mvie/searchMovieDtlXls.do?code=20167716&sType=box",475309,NA,NA,NA,NA,NA,NA,NA,NA,NA,NA,NA,NA,NA,NA,NA,NA,NA
"96","2018","너의 췌장을 먹고 싶어","2017-10-25","http://www.kobis.or.kr/kobis/business/mast/mvie/searchMovieDtlXls.do?code=20171024&sType=box",465265,NA,NA,NA,NA,NA,NA,NA,NA,NA,NA,NA,NA,NA,NA,NA,NA,NA
"97","2018","라이프","2017-04-05","http://www.kobis.or.kr/kobis/business/mast/mvie/searchMovieDtlXls.do?code=20171381&sType=box",459984,NA,NA,NA,NA,NA,NA,NA,NA,NA,NA,NA,NA,NA,NA,NA,NA,NA
"98","2018","명탐정 코난:진홍의 연가","2017-08-02","http://www.kobis.or.kr/kobis/business/mast/mvie/searchMovieDtlXls.do?code=20170124&sType=box",450043,NA,NA,NA,NA,NA,NA,NA,NA,NA,NA,NA,NA,NA,NA,NA,NA,NA
"99","2018","히든 피겨스","2017-03-23","http://www.kobis.or.kr/kobis/business/mast/mvie/searchMovieDtlXls.do?code=20167363&sType=box",449518,NA,NA,NA,NA,NA,NA,NA,NA,NA,NA,NA,NA,NA,NA,NA,NA,NA
"100","2018","스머프: 비밀의 숲","2017-04-28","http://www.kobis.or.kr/kobis/business/mast/mvie/searchMovieDtlXls.do?code=20161665&sType=box",427764,NA,NA,NA,NA,NA,NA,NA,NA,NA,NA,NA,NA,NA,NA,NA,NA,NA
"101","2019","신과함께-인과 연","2018-08-01","http://www.kobis.or.kr/kobis/business/mast/mvie/searchMovieDtlXls.do?code=20186202&sType=box",12274996,1,2,3,4,5,5,7,9,11,14,18,30,NA,NA,NA,NA,NA
"102","2019","신과함께-죄와 벌","2017-12-20","http://www.kobis.or.kr/kobis/business/mast/mvie/searchMovieDtlXls.do?code=20150976&sType=box",5872007,3,4,5,6,7,9,11,12,13,16,18,23,28,42,NA,NA,NA
"103","2019","안시성","2018-09-19","http://www.kobis.or.kr/kobis/business/mast/mvie/searchMovieDtlXls.do?code=20176122&sType=box",5440186,5,6,8,11,18,NA,NA,NA,NA,NA,NA,NA,NA,NA,NA,NA,NA
"104","2019","완벽한 타인","2018-10-31","http://www.kobis.or.kr/kobis/business/mast/mvie/searchMovieDtlXls.do?code=20177538&sType=box",5293435,4,7,11,18,29,NA,NA,NA,NA,NA,NA,NA,NA,NA,NA,NA,NA
"105","2019","1987","2017-12-27","http://www.kobis.or.kr/kobis/business/mast/mvie/searchMovieDtlXls.do?code=20170590&sType=box",5290310,4,6,9,12,18,21,33,NA,NA,NA,NA,NA,NA,NA,NA,NA,NA
"106","2019","독전","2018-05-22","http://www.kobis.or.kr/kobis/business/mast/mvie/searchMovieDtlXls.do?code=20179383&sType=box",5063684,5,8,12,16,36,NA,NA,NA,NA,NA,NA,NA,NA,NA,NA,NA,NA
"107","2019","공작","2018-08-08","http://www.kobis.or.kr/kobis/business/mast/mvie/searchMovieDtlXls.do?code=20179101&sType=box",4974520,4,5,8,12,NA,NA,NA,NA,NA,NA,NA,NA,NA,NA,NA,NA,NA
"108","2019","암수살인","2018-10-03","http://www.kobis.or.kr/kobis/business/mast/mvie/searchMovieDtlXls.do?code=20179189&sType=box",3789321,4,7,15,NA,NA,NA,NA,NA,NA,NA,NA,NA,NA,NA,NA,NA,NA
"109","2019","국가부도의 날","2018-11-28","http://www.kobis.or.kr/kobis/business/mast/mvie/searchMovieDtlXls.do?code=20177552&sType=box",3747952,4,9,16,NA,NA,NA,NA,NA,NA,NA,NA,NA,NA,NA,NA,NA,NA
"110","2019","그것만이 내 세상","2018-01-17","http://www.kobis.or.kr/kobis/business/mast/mvie/searchMovieDtlXls.do?code=20176104&sType=box",3419339,6,13,24,NA,NA,NA,NA,NA,NA,NA,NA,NA,NA,NA,NA,NA,NA
"111","2019","마녀","2018-06-27","http://www.kobis.or.kr/kobis/business/mast/mvie/searchMovieDtlXls.do?code=20185341&sType=box",3189091,6,15,26,NA,NA,NA,NA,NA,NA,NA,NA,NA,NA,NA,NA,NA,NA
"112","2019","탐정: 리턴즈","2018-06-13","http://www.kobis.or.kr/kobis/business/mast/mvie/searchMovieDtlXls.do?code=20178161&sType=box",3152872,5,12,25,NA,NA,NA,NA,NA,NA,NA,NA,NA,NA,NA,NA,NA,NA
"113","2019","너의 결혼식","2018-08-22","http://www.kobis.or.kr/kobis/business/mast/mvie/searchMovieDtlXls.do?code=20153446&sType=box",2820969,6,13,NA,NA,NA,NA,NA,NA,NA,NA,NA,NA,NA,NA,NA,NA,NA
"114","2019","곤지암","2018-03-28","http://www.kobis.or.kr/kobis/business/mast/mvie/searchMovieDtlXls.do?code=20180804&sType=box",2675575,5,11,NA,NA,NA,NA,NA,NA,NA,NA,NA,NA,NA,NA,NA,NA,NA
"115","2019","지금 만나러 갑니다","2018-03-14","http://www.kobis.or.kr/kobis/business/mast/mvie/searchMovieDtlXls.do?code=20170669&sType=box",2602273,7,15,NA,NA,NA,NA,NA,NA,NA,NA,NA,NA,NA,NA,NA,NA,NA
"116","2019","목격자","2018-08-15","http://www.kobis.or.kr/kobis/business/mast/mvie/searchMovieDtlXls.do?code=20170670&sType=box",2524720,4,11,NA,NA,NA,NA,NA,NA,NA,NA,NA,NA,NA,NA,NA,NA,NA
"117","2019","조선명탐정: 흡혈괴마의 비밀","2018-02-08","http://www.kobis.or.kr/kobis/business/mast/mvie/searchMovieDtlXls.do?code=20179205&sType=box",2444136,5,11,NA,NA,NA,NA,NA,NA,NA,NA,NA,NA,NA,NA,NA,NA,NA
"118","2019","명당","2018-09-19","http://www.kobis.or.kr/kobis/business/mast/mvie/searchMovieDtlXls.do?code=20172204&sType=box",2087474,6,14,NA,NA,NA,NA,NA,NA,NA,NA,NA,NA,NA,NA,NA,NA,NA
"119","2019","협상","2018-09-19","http://www.kobis.or.kr/kobis/business/mast/mvie/searchMovieDtlXls.do?code=20177308&sType=box",1967721,7,NA,NA,NA,NA,NA,NA,NA,NA,NA,NA,NA,NA,NA,NA,NA,NA
"120","2019","마약왕","2018-12-19","http://www.kobis.or.kr/kobis/business/mast/mvie/searchMovieDtlXls.do?code=20168773&sType=box",1813594,5,NA,NA,NA,NA,NA,NA,NA,NA,NA,NA,NA,NA,NA,NA,NA,NA
"121","2019","창궐","2018-10-25","http://www.kobis.or.kr/kobis/business/mast/mvie/searchMovieDtlXls.do?code=20174981&sType=box",1599290,4,NA,NA,NA,NA,NA,NA,NA,NA,NA,NA,NA,NA,NA,NA,NA,NA
"122","2019","성난황소","2018-11-22","http://www.kobis.or.kr/kobis/business/mast/mvie/searchMovieDtlXls.do?code=20184481&sType=box",1593386,5,NA,NA,NA,NA,NA,NA,NA,NA,NA,NA,NA,NA,NA,NA,NA,NA
"123","2019","도어락","2018-12-05","http://www.kobis.or.kr/kobis/business/mast/mvie/searchMovieDtlXls.do?code=20179230&sType=box",1559616,8,NA,NA,NA,NA,NA,NA,NA,NA,NA,NA,NA,NA,NA,NA,NA,NA
"124","2019","리틀 포레스트","2018-02-28","http://www.kobis.or.kr/kobis/business/mast/mvie/searchMovieDtlXls.do?code=20170841&sType=box",1506269,11,NA,NA,NA,NA,NA,NA,NA,NA,NA,NA,NA,NA,NA,NA,NA,NA
"125","2019","골든슬럼버","2018-02-14","http://www.kobis.or.kr/kobis/business/mast/mvie/searchMovieDtlXls.do?code=20168250&sType=box",1387508,6,NA,NA,NA,NA,NA,NA,NA,NA,NA,NA,NA,NA,NA,NA,NA,NA
"126","2019","궁합","2018-02-28","http://www.kobis.or.kr/kobis/business/mast/mvie/searchMovieDtlXls.do?code=20150969&sType=box",1340117,7,NA,NA,NA,NA,NA,NA,NA,NA,NA,NA,NA,NA,NA,NA,NA,NA
"127","2019","사라진 밤","2018-03-07","http://www.kobis.or.kr/kobis/business/mast/mvie/searchMovieDtlXls.do?code=20178781&sType=box",1315726,11,NA,NA,NA,NA,NA,NA,NA,NA,NA,NA,NA,NA,NA,NA,NA,NA
"128","2019","스윙키즈","2018-12-19","http://www.kobis.or.kr/kobis/business/mast/mvie/searchMovieDtlXls.do?code=20175547&sType=box",1258811,9,NA,NA,NA,NA,NA,NA,NA,NA,NA,NA,NA,NA,NA,NA,NA,NA
"129","2019","바람 바람 바람","2018-04-05","http://www.kobis.or.kr/kobis/business/mast/mvie/searchMovieDtlXls.do?code=20153447&sType=box",1194229,11,NA,NA,NA,NA,NA,NA,NA,NA,NA,NA,NA,NA,NA,NA,NA,NA
"130","2019","PMC: 더 벙커","2018-12-26","http://www.kobis.or.kr/kobis/business/mast/mvie/searchMovieDtlXls.do?code=20170658&sType=box",1179031,5,NA,NA,NA,NA,NA,NA,NA,NA,NA,NA,NA,NA,NA,NA,NA,NA
"131","2019","챔피언","2018-05-01","http://www.kobis.or.kr/kobis/business/mast/mvie/searchMovieDtlXls.do?code=20189783&sType=box",1128774,12,NA,NA,NA,NA,NA,NA,NA,NA,NA,NA,NA,NA,NA,NA,NA,NA
"132","2019","염력","2018-01-31","http://www.kobis.or.kr/kobis/business/mast/mvie/searchMovieDtlXls.do?code=20168323&sType=box",990104,NA,NA,NA,NA,NA,NA,NA,NA,NA,NA,NA,NA,NA,NA,NA,NA,NA
"133","2019","인랑","2018-07-25","http://www.kobis.or.kr/kobis/business/mast/mvie/searchMovieDtlXls.do?code=20170942&sType=box",898945,NA,NA,NA,NA,NA,NA,NA,NA,NA,NA,NA,NA,NA,NA,NA,NA,NA
"134","2019","극장판 헬로카봇 : 백악기 시대","2018-08-01","http://www.kobis.or.kr/kobis/business/mast/mvie/searchMovieDtlXls.do?code=20186501&sType=box",879449,NA,NA,NA,NA,NA,NA,NA,NA,NA,NA,NA,NA,NA,NA,NA,NA,NA
"135","2019","레슬러","2018-05-09","http://www.kobis.or.kr/kobis/business/mast/mvie/searchMovieDtlXls.do?code=20177005&sType=box",771141,NA,NA,NA,NA,NA,NA,NA,NA,NA,NA,NA,NA,NA,NA,NA,NA,NA
"136","2019","상류사회","2018-08-29","http://www.kobis.or.kr/kobis/business/mast/mvie/searchMovieDtlXls.do?code=20177537&sType=box",768442,NA,NA,NA,NA,NA,NA,NA,NA,NA,NA,NA,NA,NA,NA,NA,NA,NA
"137","2019","물괴","2018-09-12","http://www.kobis.or.kr/kobis/business/mast/mvie/searchMovieDtlXls.do?code=20156554&sType=box",723622,NA,NA,NA,NA,NA,NA,NA,NA,NA,NA,NA,NA,NA,NA,NA,NA,NA
"138","2019","미쓰백","2018-10-11","http://www.kobis.or.kr/kobis/business/mast/mvie/searchMovieDtlXls.do?code=20189067&sType=box",722182,NA,NA,NA,NA,NA,NA,NA,NA,NA,NA,NA,NA,NA,NA,NA,NA,NA
"139","2019","신비아파트: 금빛 도깨비와 비밀의 동굴","2018-07-25","http://www.kobis.or.kr/kobis/business/mast/mvie/searchMovieDtlXls.do?code=20185242&sType=box",678091,NA,NA,NA,NA,NA,NA,NA,NA,NA,NA,NA,NA,NA,NA,NA,NA,NA
"140","2019","그날, 바다","2018-04-12","http://www.kobis.or.kr/kobis/business/mast/mvie/searchMovieDtlXls.do?code=20182352&sType=box",540631,NA,NA,NA,NA,NA,NA,NA,NA,NA,NA,NA,NA,NA,NA,NA,NA,NA
"141","2019","버닝","2018-05-17","http://www.kobis.or.kr/kobis/business/mast/mvie/searchMovieDtlXls.do?code=20173202&sType=box",528435,NA,NA,NA,NA,NA,NA,NA,NA,NA,NA,NA,NA,NA,NA,NA,NA,NA
"142","2019","7년의 밤","2018-03-28","http://www.kobis.or.kr/kobis/business/mast/mvie/searchMovieDtlXls.do?code=20154908&sType=box",528007,NA,NA,NA,NA,NA,NA,NA,NA,NA,NA,NA,NA,NA,NA,NA,NA,NA
"143","2019","변산","2018-07-04","http://www.kobis.or.kr/kobis/business/mast/mvie/searchMovieDtlXls.do?code=20174369&sType=box",490519,NA,NA,NA,NA,NA,NA,NA,NA,NA,NA,NA,NA,NA,NA,NA,NA,NA
"144","2019","동네사람들","2018-11-07","http://www.kobis.or.kr/kobis/business/mast/mvie/searchMovieDtlXls.do?code=20170513&sType=box",461693,NA,NA,NA,NA,NA,NA,NA,NA,NA,NA,NA,NA,NA,NA,NA,NA,NA
"145","2019","원더풀 고스트","2018-09-26","http://www.kobis.or.kr/kobis/business/mast/mvie/searchMovieDtlXls.do?code=20167903&sType=box",450374,NA,NA,NA,NA,NA,NA,NA,NA,NA,NA,NA,NA,NA,NA,NA,NA,NA
"146","2019","강철비","2017-12-14","http://www.kobis.or.kr/kobis/business/mast/mvie/searchMovieDtlXls.do?code=20170402&sType=box",438447,3,6,11,18,NA,NA,NA,NA,NA,NA,NA,NA,NA,NA,NA,NA,NA
"147","2019","흥부: 글로 세상을 바꾼 자","2018-02-14","http://www.kobis.or.kr/kobis/business/mast/mvie/searchMovieDtlXls.do?code=20176121&sType=box",416303,NA,NA,NA,NA,NA,NA,NA,NA,NA,NA,NA,NA,NA,NA,NA,NA,NA
"148","2019","점박이 한반도의 공룡2 : 새로운 낙원","2018-12-25","http://www.kobis.or.kr/kobis/business/mast/mvie/searchMovieDtlXls.do?code=20183785&sType=box",375312,NA,NA,NA,NA,NA,NA,NA,NA,NA,NA,NA,NA,NA,NA,NA,NA,NA
"149","2019","허스토리","2018-06-27","http://www.kobis.or.kr/kobis/business/mast/mvie/searchMovieDtlXls.do?code=20172469&sType=box",336822,NA,NA,NA,NA,NA,NA,NA,NA,NA,NA,NA,NA,NA,NA,NA,NA,NA
"150","2019","덕구","2018-04-05","http://www.kobis.or.kr/kobis/business/mast/mvie/searchMovieDtlXls.do?code=20181561&sType=box",315663,NA,NA,NA,NA,NA,NA,NA,NA,NA,NA,NA,NA,NA,NA,NA,NA,NA
"151","2017","어벤져스: 인피니티 워","2018-04-25","http://www.kobis.or.kr/kobis/business/mast/mvie/searchMovieDtlXls.do?code=20177478&sType=box",11212710,2,3,4,5,6,8,11,12,13,19,33,NA,NA,NA,NA,NA,NA
"152","2017","보헤미안 랩소디","2018-10-31","http://www.kobis.or.kr/kobis/business/mast/mvie/searchMovieDtlXls.do?code=20185485&sType=box",9224582,9,14,19,25,29,33,40,48,60,NA,NA,NA,NA,NA,NA,NA,NA
"153","2017","미션 임파서블: 폴아웃","2018-07-25","http://www.kobis.or.kr/kobis/business/mast/mvie/searchMovieDtlXls.do?code=20181181&sType=box",6584915,3,4,5,7,11,18,NA,NA,NA,NA,NA,NA,NA,NA,NA,NA,NA
"154","2017","쥬라기 월드: 폴른 킹덤","2018-06-06","http://www.kobis.or.kr/kobis/business/mast/mvie/searchMovieDtlXls.do?code=20179086&sType=box",5661128,1,4,5,9,17,NA,NA,NA,NA,NA,NA,NA,NA,NA,NA,NA,NA
"155","2017","앤트맨과 와스프","2018-07-04","http://www.kobis.or.kr/kobis/business/mast/mvie/searchMovieDtlXls.do?code=20180522&sType=box",5448134,3,5,7,12,18,NA,NA,NA,NA,NA,NA,NA,NA,NA,NA,NA,NA
"156","2017","블랙 팬서","2018-02-14","http://www.kobis.or.kr/kobis/business/mast/mvie/searchMovieDtlXls.do?code=20170561&sType=box",5399227,2,4,5,11,18,NA,NA,NA,NA,NA,NA,NA,NA,NA,NA,NA,NA
"157","2017","베놈","2018-10-03","http://www.kobis.or.kr/kobis/business/mast/mvie/searchMovieDtlXls.do?code=20177221&sType=box",3888096,3,5,11,NA,NA,NA,NA,NA,NA,NA,NA,NA,NA,NA,NA,NA,NA
"158","2017","데드풀 2","2018-05-16","http://www.kobis.or.kr/kobis/business/mast/mvie/searchMovieDtlXls.do?code=20176848&sType=box",3784602,4,6,11,NA,NA,NA,NA,NA,NA,NA,NA,NA,NA,NA,NA,NA,NA
"159","2017","코코","2018-01-11","http://www.kobis.or.kr/kobis/business/mast/mvie/searchMovieDtlXls.do?code=20179985&sType=box",3510017,6,14,25,NA,NA,NA,NA,NA,NA,NA,NA,NA,NA,NA,NA,NA,NA
"160","2017","아쿠아맨","2018-12-19","http://www.kobis.or.kr/kobis/business/mast/mvie/searchMovieDtlXls.do?code=20180290&sType=box",3491857,5,7,12,16,32,NA,NA,NA,NA,NA,NA,NA,NA,NA,NA,NA,NA
"161","2017","인크레더블 2","2018-07-18","http://www.kobis.or.kr/kobis/business/mast/mvie/searchMovieDtlXls.do?code=20183361&sType=box",3033052,5,11,27,NA,NA,NA,NA,NA,NA,NA,NA,NA,NA,NA,NA,NA,NA
"162","2017","서치","2018-08-29","http://www.kobis.or.kr/kobis/business/mast/mvie/searchMovieDtlXls.do?code=20185046&sType=box",2949944,10,16,NA,NA,NA,NA,NA,NA,NA,NA,NA,NA,NA,NA,NA,NA,NA
"163","2017","신비한 동물들과 그린델왈드의 범죄","2018-11-14","http://www.kobis.or.kr/kobis/business/mast/mvie/searchMovieDtlXls.do?code=20176814&sType=box",2414062,4,11,NA,NA,NA,NA,NA,NA,NA,NA,NA,NA,NA,NA,NA,NA,NA
"164","2017","메이즈 러너: 데스 큐어","2018-01-17","http://www.kobis.or.kr/kobis/business/mast/mvie/searchMovieDtlXls.do?code=20175054&sType=box",2299732,5,14,NA,NA,NA,NA,NA,NA,NA,NA,NA,NA,NA,NA,NA,NA,NA
"165","2017","맘마미아!2","2018-08-08","http://www.kobis.or.kr/kobis/business/mast/mvie/searchMovieDtlXls.do?code=20181942&sType=box",2293884,7,21,NA,NA,NA,NA,NA,NA,NA,NA,NA,NA,NA,NA,NA,NA,NA
"166","2017","레디 플레이어 원","2018-03-28","http://www.kobis.or.kr/kobis/business/mast/mvie/searchMovieDtlXls.do?code=20171122&sType=box",2254430,6,19,NA,NA,NA,NA,NA,NA,NA,NA,NA,NA,NA,NA,NA,NA,NA
"167","2017","쥬만지: 새로운 세계","2018-01-03","http://www.kobis.or.kr/kobis/business/mast/mvie/searchMovieDtlXls.do?code=20171909&sType=box",1708672,7,NA,NA,NA,NA,NA,NA,NA,NA,NA,NA,NA,NA,NA,NA,NA,NA
"168","2017","램페이지","2018-04-12","http://www.kobis.or.kr/kobis/business/mast/mvie/searchMovieDtlXls.do?code=20176917&sType=box",1385511,10,NA,NA,NA,NA,NA,NA,NA,NA,NA,NA,NA,NA,NA,NA,NA,NA
"169","2017","오션스8","2018-06-13","http://www.kobis.or.kr/kobis/business/mast/mvie/searchMovieDtlXls.do?code=20184903&sType=box",1335829,12,NA,NA,NA,NA,NA,NA,NA,NA,NA,NA,NA,NA,NA,NA,NA,NA
"170","2017","범블비","2018-12-25","http://www.kobis.or.kr/kobis/business/mast/mvie/searchMovieDtlXls.do?code=20186281&sType=box",1167150,6,NA,NA,NA,NA,NA,NA,NA,NA,NA,NA,NA,NA,NA,NA,NA,NA
"171","2017","퍼시픽 림: 업라이징","2018-03-21","http://www.kobis.or.kr/kobis/business/mast/mvie/searchMovieDtlXls.do?code=20174603&sType=box",1077235,11,NA,NA,NA,NA,NA,NA,NA,NA,NA,NA,NA,NA,NA,NA,NA,NA
"172","2017","몬스터 호텔 3","2018-08-08","http://www.kobis.or.kr/kobis/business/mast/mvie/searchMovieDtlXls.do?code=20184802&sType=box",1072220,19,NA,NA,NA,NA,NA,NA,NA,NA,NA,NA,NA,NA,NA,NA,NA,NA
"173","2017","더 넌","2018-09-19","http://www.kobis.or.kr/kobis/business/mast/mvie/searchMovieDtlXls.do?code=20189262&sType=box",1011580,17,NA,NA,NA,NA,NA,NA,NA,NA,NA,NA,NA,NA,NA,NA,NA,NA
"174","2017","스카이스크래퍼","2018-07-11","http://www.kobis.or.kr/kobis/business/mast/mvie/searchMovieDtlXls.do?code=20181443&sType=box",1002858,20,NA,NA,NA,NA,NA,NA,NA,NA,NA,NA,NA,NA,NA,NA,NA,NA
"175","2017","월요일이 사라졌다","2018-02-22","http://www.kobis.or.kr/kobis/business/mast/mvie/searchMovieDtlXls.do?code=20177946&sType=box",903175,NA,NA,NA,NA,NA,NA,NA,NA,NA,NA,NA,NA,NA,NA,NA,NA,NA
"176","2017","퍼스트맨","2018-10-18","http://www.kobis.or.kr/kobis/business/mast/mvie/searchMovieDtlXls.do?code=20186321&sType=box",665364,NA,NA,NA,NA,NA,NA,NA,NA,NA,NA,NA,NA,NA,NA,NA,NA,NA
"177","2017","스파이더맨: 뉴 유니버스","2018-12-12","http://www.kobis.or.kr/kobis/business/mast/mvie/searchMovieDtlXls.do?code=20183238&sType=box",639934,NA,NA,NA,NA,NA,NA,NA,NA,NA,NA,NA,NA,NA,NA,NA,NA,NA
"178","2017","위대한 쇼맨","2017-12-20","http://www.kobis.or.kr/kobis/business/mast/mvie/searchMovieDtlXls.do?code=20179462&sType=box",588434,18,NA,NA,NA,NA,NA,NA,NA,NA,NA,NA,NA,NA,NA,NA,NA,NA
"179","2017","인시디어스4: 라스트 키","2018-01-31","http://www.kobis.or.kr/kobis/business/mast/mvie/searchMovieDtlXls.do?code=20178126&sType=box",554521,NA,NA,NA,NA,NA,NA,NA,NA,NA,NA,NA,NA,NA,NA,NA,NA,NA
"180","2017","툼레이더","2018-03-08","http://www.kobis.or.kr/kobis/business/mast/mvie/searchMovieDtlXls.do?code=20180564&sType=box",540410,NA,NA,NA,NA,NA,NA,NA,NA,NA,NA,NA,NA,NA,NA,NA,NA,NA
"181","2017","페르디난드","2018-01-03","http://www.kobis.or.kr/kobis/business/mast/mvie/searchMovieDtlXls.do?code=20177104&sType=box",533776,NA,NA,NA,NA,NA,NA,NA,NA,NA,NA,NA,NA,NA,NA,NA,NA,NA
"182","2017","메가로돈","2018-08-15","http://www.kobis.or.kr/kobis/business/mast/mvie/searchMovieDtlXls.do?code=20183584&sType=box",527962,NA,NA,NA,NA,NA,NA,NA,NA,NA,NA,NA,NA,NA,NA,NA,NA,NA
"183","2017","콰이어트 플레이스","2018-04-12","http://www.kobis.or.kr/kobis/business/mast/mvie/searchMovieDtlXls.do?code=20181788&sType=box",526073,NA,NA,NA,NA,NA,NA,NA,NA,NA,NA,NA,NA,NA,NA,NA,NA,NA
"184","2017","호두까기 인형과 4개의 왕국","2018-12-06","http://www.kobis.or.kr/kobis/business/mast/mvie/searchMovieDtlXls.do?code=20189843&sType=box",513767,NA,NA,NA,NA,NA,NA,NA,NA,NA,NA,NA,NA,NA,NA,NA,NA,NA
"185","2017","셰이프 오브 워터: 사랑의 모양","2018-02-22","http://www.kobis.or.kr/kobis/business/mast/mvie/searchMovieDtlXls.do?code=20173436&sType=box",507102,NA,NA,NA,NA,NA,NA,NA,NA,NA,NA,NA,NA,NA,NA,NA,NA,NA
"186","2017","곰돌이 푸 다시 만나 행복해","2018-10-03","http://www.kobis.or.kr/kobis/business/mast/mvie/searchMovieDtlXls.do?code=20189123&sType=box",492201,NA,NA,NA,NA,NA,NA,NA,NA,NA,NA,NA,NA,NA,NA,NA,NA,NA
"187","2017","그린치","2018-12-19","http://www.kobis.or.kr/kobis/business/mast/mvie/searchMovieDtlXls.do?code=20182421&sType=box",485064,NA,NA,NA,NA,NA,NA,NA,NA,NA,NA,NA,NA,NA,NA,NA,NA,NA
"188","2017","스타 이즈 본","2018-10-09","http://www.kobis.or.kr/kobis/business/mast/mvie/searchMovieDtlXls.do?code=20180523&sType=box",483852,NA,NA,NA,NA,NA,NA,NA,NA,NA,NA,NA,NA,NA,NA,NA,NA,NA
"189","2017","명탐정 코난 : 제로의 집행인","2018-08-08","http://www.kobis.or.kr/kobis/business/mast/mvie/searchMovieDtlXls.do?code=20187427&sType=box",396230,NA,NA,NA,NA,NA,NA,NA,NA,NA,NA,NA,NA,NA,NA,NA,NA,NA
"190","2017","피터 래빗","2018-05-16","http://www.kobis.or.kr/kobis/business/mast/mvie/searchMovieDtlXls.do?code=20183084&sType=box",388300,NA,NA,NA,NA,NA,NA,NA,NA,NA,NA,NA,NA,NA,NA,NA,NA,NA
"191","2017","패딩턴 2","2018-02-08","http://www.kobis.or.kr/kobis/business/mast/mvie/searchMovieDtlXls.do?code=20178672&sType=box",339014,NA,NA,NA,NA,NA,NA,NA,NA,NA,NA,NA,NA,NA,NA,NA,NA,NA
"192","2017","미드나잇 선","2018-06-21","http://www.kobis.or.kr/kobis/business/mast/mvie/searchMovieDtlXls.do?code=20184845&sType=box",326086,NA,NA,NA,NA,NA,NA,NA,NA,NA,NA,NA,NA,NA,NA,NA,NA,NA
"193","2017","트루스 오어 데어","2018-05-22","http://www.kobis.or.kr/kobis/business/mast/mvie/searchMovieDtlXls.do?code=20183801&sType=box",310956,NA,NA,NA,NA,NA,NA,NA,NA,NA,NA,NA,NA,NA,NA,NA,NA,NA
"194","2017","커뮤터","2018-01-24","http://www.kobis.or.kr/kobis/business/mast/mvie/searchMovieDtlXls.do?code=20178230&sType=box",286062,NA,NA,NA,NA,NA,NA,NA,NA,NA,NA,NA,NA,NA,NA,NA,NA,NA
"195","2017","후드","2018-11-28","http://www.kobis.or.kr/kobis/business/mast/mvie/searchMovieDtlXls.do?code=20181905&sType=box",284601,NA,NA,NA,NA,NA,NA,NA,NA,NA,NA,NA,NA,NA,NA,NA,NA,NA
"196","2017","극장판 짱구는 못말려: 아뵤! 쿵후 보이즈 ~라면 대란~","2018-12-19","http://www.kobis.or.kr/kobis/business/mast/mvie/searchMovieDtlXls.do?code=20183479&sType=box",277206,NA,NA,NA,NA,NA,NA,NA,NA,NA,NA,NA,NA,NA,NA,NA,NA,NA
"197","2017","해리포터와 마법사의 돌","2001-12-13","http://www.kobis.or.kr/kobis/business/mast/mvie/searchMovieDtlXls.do?code=20010291&sType=box",267950,NA,NA,NA,NA,NA,NA,NA,NA,NA,NA,NA,NA,NA,NA,NA,NA,NA
"198","2017","모털 엔진","2018-12-05","http://www.kobis.or.kr/kobis/business/mast/mvie/searchMovieDtlXls.do?code=20178825&sType=box",267896,NA,NA,NA,NA,NA,NA,NA,NA,NA,NA,NA,NA,NA,NA,NA,NA,NA
"199","2017","바울","2018-10-31","http://www.kobis.or.kr/kobis/business/mast/mvie/searchMovieDtlXls.do?code=20181171&sType=box",267785,NA,NA,NA,NA,NA,NA,NA,NA,NA,NA,NA,NA,NA,NA,NA,NA,NA
"200","2017","나를 차버린 스파이","2018-08-22","http://www.kobis.or.kr/kobis/business/mast/mvie/searchMovieDtlXls.do?code=20187647&sType=box",264766,NA,NA,NA,NA,NA,NA,NA,NA,NA,NA,NA,NA,NA,NA,NA,NA,NA
"201","2018","극한직업","2019-01-23","http://www.kobis.or.kr/kobis/business/mast/mvie/searchMovieDtlXls.do?code=20182530&sType=box",16257145,3,4,5,8,10,11,12,13,14,15,17,18,20,25,31,40,NA
"202","2018","말모이","2019-01-09","http://www.kobis.or.kr/kobis/business/mast/mvie/searchMovieDtlXls.do?code=20184105&sType=box",2809535,5,12,NA,NA,NA,NA,NA,NA,NA,NA,NA,NA,NA,NA,NA,NA,NA
"203","2018","증인","2019-02-13","http://www.kobis.or.kr/kobis/business/mast/mvie/searchMovieDtlXls.do?code=20185881&sType=box",2530295,8,17,NA,NA,NA,NA,NA,NA,NA,NA,NA,NA,NA,NA,NA,NA,NA
"204","2018","사바하","2019-02-20","http://www.kobis.or.kr/kobis/business/mast/mvie/searchMovieDtlXls.do?code=20177539&sType=box",2395889,5,11,NA,NA,NA,NA,NA,NA,NA,NA,NA,NA,NA,NA,NA,NA,NA
"205","2018","내안의 그놈","2019-01-09","http://www.kobis.or.kr/kobis/business/mast/mvie/searchMovieDtlXls.do?code=20176251&sType=box",1901684,8,NA,NA,NA,NA,NA,NA,NA,NA,NA,NA,NA,NA,NA,NA,NA,NA
"206","2018","뺑반","2019-01-30","http://www.kobis.or.kr/kobis/business/mast/mvie/searchMovieDtlXls.do?code=20180868&sType=box",1826714,6,NA,NA,NA,NA,NA,NA,NA,NA,NA,NA,NA,NA,NA,NA,NA,NA
"207","2018","항거:유관순 이야기","2019-02-27","http://www.kobis.or.kr/kobis/business/mast/mvie/searchMovieDtlXls.do?code=20196601&sType=box",1143013,12,NA,NA,NA,NA,NA,NA,NA,NA,NA,NA,NA,NA,NA,NA,NA,NA
"208","2018","돈","2019-03-20","http://www.kobis.or.kr/kobis/business/mast/mvie/searchMovieDtlXls.do?code=20176103&sType=box",1120283,4,NA,NA,NA,NA,NA,NA,NA,NA,NA,NA,NA,NA,NA,NA,NA,NA
"209","2018","극장판 헬로카봇: 옴파로스 섬의 비밀","2019-01-31","http://www.kobis.or.kr/kobis/business/mast/mvie/searchMovieDtlXls.do?code=20185478&sType=box",574571,NA,NA,NA,NA,NA,NA,NA,NA,NA,NA,NA,NA,NA,NA,NA,NA,NA
"210","2018","PMC: 더 벙커","2018-12-26","http://www.kobis.or.kr/kobis/business/mast/mvie/searchMovieDtlXls.do?code=20170658&sType=box",492517,5,NA,NA,NA,NA,NA,NA,NA,NA,NA,NA,NA,NA,NA,NA,NA,NA
"211","2018","극장판 공룡메카드: 타이니소어의 섬","2019-01-10","http://www.kobis.or.kr/kobis/business/mast/mvie/searchMovieDtlXls.do?code=20183915&sType=box",410074,NA,NA,NA,NA,NA,NA,NA,NA,NA,NA,NA,NA,NA,NA,NA,NA,NA
"212","2018","러브 유어셀프 인 서울","2019-01-26","http://www.kobis.or.kr/kobis/business/mast/mvie/searchMovieDtlXls.do?code=20185124&sType=box",342366,NA,NA,NA,NA,NA,NA,NA,NA,NA,NA,NA,NA,NA,NA,NA,NA,NA
"213","2018","기묘한 가족","2019-02-13","http://www.kobis.or.kr/kobis/business/mast/mvie/searchMovieDtlXls.do?code=20174169&sType=box",263322,NA,NA,NA,NA,NA,NA,NA,NA,NA,NA,NA,NA,NA,NA,NA,NA,NA
"214","2018","스윙키즈","2018-12-19","http://www.kobis.or.kr/kobis/business/mast/mvie/searchMovieDtlXls.do?code=20175547&sType=box",212437,9,NA,NA,NA,NA,NA,NA,NA,NA,NA,NA,NA,NA,NA,NA,NA,NA
"215","2018","언니","2019-01-01","http://www.kobis.or.kr/kobis/business/mast/mvie/searchMovieDtlXls.do?code=20184187&sType=box",197134,NA,NA,NA,NA,NA,NA,NA,NA,NA,NA,NA,NA,NA,NA,NA,NA,NA
"216","2018","언더독","2019-01-16","http://www.kobis.or.kr/kobis/business/mast/mvie/searchMovieDtlXls.do?code=20186324&sType=box",190636,NA,NA,NA,NA,NA,NA,NA,NA,NA,NA,NA,NA,NA,NA,NA,NA,NA
"217","2018","점박이 한반도의 공룡2 : 새로운 낙원","2018-12-25","http://www.kobis.or.kr/kobis/business/mast/mvie/searchMovieDtlXls.do?code=20183785&sType=box",174755,NA,NA,NA,NA,NA,NA,NA,NA,NA,NA,NA,NA,NA,NA,NA,NA,NA
"218","2018","자전차왕 엄복동","2019-02-27","http://www.kobis.or.kr/kobis/business/mast/mvie/searchMovieDtlXls.do?code=20176442&sType=box",172206,NA,NA,NA,NA,NA,NA,NA,NA,NA,NA,NA,NA,NA,NA,NA,NA,NA
"219","2018","악질경찰","2019-03-20","http://www.kobis.or.kr/kobis/business/mast/mvie/searchMovieDtlXls.do?code=20197846&sType=box",143015,NA,NA,NA,NA,NA,NA,NA,NA,NA,NA,NA,NA,NA,NA,NA,NA,NA
"220","2018","우상","2019-03-20","http://www.kobis.or.kr/kobis/business/mast/mvie/searchMovieDtlXls.do?code=20175407&sType=box",109754,NA,NA,NA,NA,NA,NA,NA,NA,NA,NA,NA,NA,NA,NA,NA,NA,NA
"221","2018","그대 이름은 장미","2019-01-16","http://www.kobis.or.kr/kobis/business/mast/mvie/searchMovieDtlXls.do?code=20166602&sType=box",85997,NA,NA,NA,NA,NA,NA,NA,NA,NA,NA,NA,NA,NA,NA,NA,NA,NA
"222","2018","어쩌다, 결혼","2019-02-27","http://www.kobis.or.kr/kobis/business/mast/mvie/searchMovieDtlXls.do?code=20195791&sType=box",76746,NA,NA,NA,NA,NA,NA,NA,NA,NA,NA,NA,NA,NA,NA,NA,NA,NA
"223","2018","마약왕","2018-12-19","http://www.kobis.or.kr/kobis/business/mast/mvie/searchMovieDtlXls.do?code=20168773&sType=box",50482,5,NA,NA,NA,NA,NA,NA,NA,NA,NA,NA,NA,NA,NA,NA,NA,NA
"224","2018","칠곡 가시나들","2019-02-27","http://www.kobis.or.kr/kobis/business/mast/mvie/searchMovieDtlXls.do?code=20185350&sType=box",38691,NA,NA,NA,NA,NA,NA,NA,NA,NA,NA,NA,NA,NA,NA,NA,NA,NA
"225","2018","1919 유관순","2019-03-14","http://www.kobis.or.kr/kobis/business/mast/mvie/searchMovieDtlXls.do?code=20197483&sType=box",23725,NA,NA,NA,NA,NA,NA,NA,NA,NA,NA,NA,NA,NA,NA,NA,NA,NA
"226","2018","시인 할매","2019-02-05","http://www.kobis.or.kr/kobis/business/mast/mvie/searchMovieDtlXls.do?code=20189649&sType=box",8472,NA,NA,NA,NA,NA,NA,NA,NA,NA,NA,NA,NA,NA,NA,NA,NA,NA
"227","2018","국가부도의 날","2018-11-28","http://www.kobis.or.kr/kobis/business/mast/mvie/searchMovieDtlXls.do?code=20177552&sType=box",7031,4,9,16,NA,NA,NA,NA,NA,NA,NA,NA,NA,NA,NA,NA,NA,NA
"228","2018","생일","2019-04-03","http://www.kobis.or.kr/kobis/business/mast/mvie/searchMovieDtlXls.do?code=20183096&sType=box",6546,NA,NA,NA,NA,NA,NA,NA,NA,NA,NA,NA,NA,NA,NA,NA,NA,NA
"229","2018","질투의 역사","2019-03-14","http://www.kobis.or.kr/kobis/business/mast/mvie/searchMovieDtlXls.do?code=20183085&sType=box",3372,NA,NA,NA,NA,NA,NA,NA,NA,NA,NA,NA,NA,NA,NA,NA,NA,NA
"230","2018","산상수훈","2017-12-07","http://www.kobis.or.kr/kobis/business/mast/mvie/searchMovieDtlXls.do?code=20170272&sType=box",3197,NA,NA,NA,NA,NA,NA,NA,NA,NA,NA,NA,NA,NA,NA,NA,NA,NA
"231","2018","썬키스 패밀리","2019-03-27","http://www.kobis.or.kr/kobis/business/mast/mvie/searchMovieDtlXls.do?code=20166301&sType=box",2274,NA,NA,NA,NA,NA,NA,NA,NA,NA,NA,NA,NA,NA,NA,NA,NA,NA
"232","2018","메이트","2019-01-17","http://www.kobis.or.kr/kobis/business/mast/mvie/searchMovieDtlXls.do?code=20183343&sType=box",2204,NA,NA,NA,NA,NA,NA,NA,NA,NA,NA,NA,NA,NA,NA,NA,NA,NA
"233","2018","얼굴들","2019-01-24","http://www.kobis.or.kr/kobis/business/mast/mvie/searchMovieDtlXls.do?code=20173991&sType=box",2010,NA,NA,NA,NA,NA,NA,NA,NA,NA,NA,NA,NA,NA,NA,NA,NA,NA
"234","2018","선종 무문관","2018-12-13","http://www.kobis.or.kr/kobis/business/mast/mvie/searchMovieDtlXls.do?code=20183144&sType=box",2003,NA,NA,NA,NA,NA,NA,NA,NA,NA,NA,NA,NA,NA,NA,NA,NA,NA
"235","2018","도어락","2018-12-05","http://www.kobis.or.kr/kobis/business/mast/mvie/searchMovieDtlXls.do?code=20179230&sType=box",1642,8,NA,NA,NA,NA,NA,NA,NA,NA,NA,NA,NA,NA,NA,NA,NA,NA
"236","2018","이월","2019-01-30","http://www.kobis.or.kr/kobis/business/mast/mvie/searchMovieDtlXls.do?code=20173993&sType=box",1549,NA,NA,NA,NA,NA,NA,NA,NA,NA,NA,NA,NA,NA,NA,NA,NA,NA
"237","2018","어른이 되면","2018-12-13","http://www.kobis.or.kr/kobis/business/mast/mvie/searchMovieDtlXls.do?code=20184642&sType=box",1412,NA,NA,NA,NA,NA,NA,NA,NA,NA,NA,NA,NA,NA,NA,NA,NA,NA
"238","2018","내가 사는 세상","2019-03-07","http://www.kobis.or.kr/kobis/business/mast/mvie/searchMovieDtlXls.do?code=20183364&sType=box",1306,NA,NA,NA,NA,NA,NA,NA,NA,NA,NA,NA,NA,NA,NA,NA,NA,NA
"239","2018","국경의 왕","2019-02-28","http://www.kobis.or.kr/kobis/business/mast/mvie/searchMovieDtlXls.do?code=20176006&sType=box",1162,NA,NA,NA,NA,NA,NA,NA,NA,NA,NA,NA,NA,NA,NA,NA,NA,NA
"240","2018","포항","2019-02-27","http://www.kobis.or.kr/kobis/business/mast/mvie/searchMovieDtlXls.do?code=20148617&sType=box",1137,NA,NA,NA,NA,NA,NA,NA,NA,NA,NA,NA,NA,NA,NA,NA,NA,NA
"241","2018","신과함께-인과 연","2018-08-01","http://www.kobis.or.kr/kobis/business/mast/mvie/searchMovieDtlXls.do?code=20186202&sType=box",1119,1,2,3,4,5,5,7,9,11,14,18,30,NA,NA,NA,NA,NA
"242","2018","산딸기","1982-09-04","http://www.kobis.or.kr/kobis/business/mast/mvie/searchMovieDtlXls.do?code=19820063&sType=box",985,NA,NA,NA,NA,NA,NA,NA,NA,NA,NA,NA,NA,NA,NA,NA,NA,NA
"243","2018","히치하이크","2019-03-14","http://www.kobis.or.kr/kobis/business/mast/mvie/searchMovieDtlXls.do?code=20174042&sType=box",919,NA,NA,NA,NA,NA,NA,NA,NA,NA,NA,NA,NA,NA,NA,NA,NA,NA
"244","2018","런닝맨 : 풀룰루의 역습","2018-12-05","http://www.kobis.or.kr/kobis/business/mast/mvie/searchMovieDtlXls.do?code=20183745&sType=box",865,NA,NA,NA,NA,NA,NA,NA,NA,NA,NA,NA,NA,NA,NA,NA,NA,NA
"245","2018","창간호","2019-01-17","http://www.kobis.or.kr/kobis/business/mast/mvie/searchMovieDtlXls.do?code=20195963&sType=box",857,NA,NA,NA,NA,NA,NA,NA,NA,NA,NA,NA,NA,NA,NA,NA,NA,NA
"246","2018","구봉서의 벼락부자"," ","http://www.kobis.or.kr/kobis/business/mast/mvie/searchMovieDtlXls.do?code=20101128&sType=box",848,NA,NA,NA,NA,NA,NA,NA,NA,NA,NA,NA,NA,NA,NA,NA,NA,NA
"247","2018","폴란드로 간 아이들","2018-10-31","http://www.kobis.or.kr/kobis/business/mast/mvie/searchMovieDtlXls.do?code=20189281&sType=box",840,NA,NA,NA,NA,NA,NA,NA,NA,NA,NA,NA,NA,NA,NA,NA,NA,NA
"248","2018","버블 패밀리","2018-12-20","http://www.kobis.or.kr/kobis/business/mast/mvie/searchMovieDtlXls.do?code=20174244&sType=box",838,NA,NA,NA,NA,NA,NA,NA,NA,NA,NA,NA,NA,NA,NA,NA,NA,NA
"249","2018","안시성","2018-09-19","http://www.kobis.or.kr/kobis/business/mast/mvie/searchMovieDtlXls.do?code=20176122&sType=box",834,5,6,8,11,18,NA,NA,NA,NA,NA,NA,NA,NA,NA,NA,NA,NA
"250","2018","오발탄","1961-04-13","http://www.kobis.or.kr/kobis/business/mast/mvie/searchMovieDtlXls.do?code=20100477&sType=box",819,NA,NA,NA,NA,NA,NA,NA,NA,NA,NA,NA,NA,NA,NA,NA,NA,NA
"251","2019","캡틴 마블","2019-03-06","http://www.kobis.or.kr/kobis/business/mast/mvie/searchMovieDtlXls.do?code=20181877&sType=box",5090535,3,4,5,11,18,NA,NA,NA,NA,NA,NA,NA,NA,NA,NA,NA,NA
"252","2019","알리타: 배틀 엔젤","2019-02-05","http://www.kobis.or.kr/kobis/business/mast/mvie/searchMovieDtlXls.do?code=20188282&sType=box",1951816,5,NA,NA,NA,NA,NA,NA,NA,NA,NA,NA,NA,NA,NA,NA,NA,NA
"253","2019","주먹왕 랄프 2: 인터넷 속으로","2019-01-03","http://www.kobis.or.kr/kobis/business/mast/mvie/searchMovieDtlXls.do?code=20189463&sType=box",1754375,8,NA,NA,NA,NA,NA,NA,NA,NA,NA,NA,NA,NA,NA,NA,NA,NA
"254","2019","아쿠아맨","2018-12-19","http://www.kobis.or.kr/kobis/business/mast/mvie/searchMovieDtlXls.do?code=20180290&sType=box",1546277,5,7,12,16,32,NA,NA,NA,NA,NA,NA,NA,NA,NA,NA,NA,NA
"255","2019","드래곤 길들이기 3","2019-01-30","http://www.kobis.or.kr/kobis/business/mast/mvie/searchMovieDtlXls.do?code=20186261&sType=box",1506515,10,NA,NA,NA,NA,NA,NA,NA,NA,NA,NA,NA,NA,NA,NA,NA,NA
"256","2019","보헤미안 랩소디","2018-10-31","http://www.kobis.or.kr/kobis/business/mast/mvie/searchMovieDtlXls.do?code=20185485&sType=box",721280,9,14,19,25,29,33,40,48,60,NA,NA,NA,NA,NA,NA,NA,NA
"257","2019","이스케이프 룸","2019-03-14","http://www.kobis.or.kr/kobis/business/mast/mvie/searchMovieDtlXls.do?code=20197283&sType=box",520988,NA,NA,NA,NA,NA,NA,NA,NA,NA,NA,NA,NA,NA,NA,NA,NA,NA
"258","2019","글래스","2019-01-17","http://www.kobis.or.kr/kobis/business/mast/mvie/searchMovieDtlXls.do?code=20182544&sType=box",466475,NA,NA,NA,NA,NA,NA,NA,NA,NA,NA,NA,NA,NA,NA,NA,NA,NA
"259","2019","해피 데스데이 2 유","2019-02-14","http://www.kobis.or.kr/kobis/business/mast/mvie/searchMovieDtlXls.do?code=20195915&sType=box",412730,NA,NA,NA,NA,NA,NA,NA,NA,NA,NA,NA,NA,NA,NA,NA,NA,NA
"260","2019","그린 북","2019-01-09","http://www.kobis.or.kr/kobis/business/mast/mvie/searchMovieDtlXls.do?code=20184574&sType=box",402469,NA,NA,NA,NA,NA,NA,NA,NA,NA,NA,NA,NA,NA,NA,NA,NA,NA
"261","2019","범블비","2018-12-25","http://www.kobis.or.kr/kobis/business/mast/mvie/searchMovieDtlXls.do?code=20186281&sType=box",394493,6,NA,NA,NA,NA,NA,NA,NA,NA,NA,NA,NA,NA,NA,NA,NA,NA
"262","2019","신데렐라:마법 반지의 비밀","2019-02-20","http://www.kobis.or.kr/kobis/business/mast/mvie/searchMovieDtlXls.do?code=20195743&sType=box",284163,NA,NA,NA,NA,NA,NA,NA,NA,NA,NA,NA,NA,NA,NA,NA,NA,NA
"263","2019","메리 포핀스 리턴즈","2019-02-14","http://www.kobis.or.kr/kobis/business/mast/mvie/searchMovieDtlXls.do?code=20184888&sType=box",223610,NA,NA,NA,NA,NA,NA,NA,NA,NA,NA,NA,NA,NA,NA,NA,NA,NA
"264","2019","더 페이버릿: 여왕의 여자","2019-02-21","http://www.kobis.or.kr/kobis/business/mast/mvie/searchMovieDtlXls.do?code=20180937&sType=box",156692,NA,NA,NA,NA,NA,NA,NA,NA,NA,NA,NA,NA,NA,NA,NA,NA,NA
"265","2019","가버나움","2019-01-24","http://www.kobis.or.kr/kobis/business/mast/mvie/searchMovieDtlXls.do?code=20184896&sType=box",138383,NA,NA,NA,NA,NA,NA,NA,NA,NA,NA,NA,NA,NA,NA,NA,NA,NA
"266","2019","해리포터와 비밀의 방","2002-12-13","http://www.kobis.or.kr/kobis/business/mast/mvie/searchMovieDtlXls.do?code=20020222&sType=box",137788,NA,NA,NA,NA,NA,NA,NA,NA,NA,NA,NA,NA,NA,NA,NA,NA,NA
"267","2019","명탐정 코난:전율의 악보","2019-02-14","http://www.kobis.or.kr/kobis/business/mast/mvie/searchMovieDtlXls.do?code=20162003&sType=box",116059,NA,NA,NA,NA,NA,NA,NA,NA,NA,NA,NA,NA,NA,NA,NA,NA,NA
"268","2019","미래의 미라이","2019-01-16","http://www.kobis.or.kr/kobis/business/mast/mvie/searchMovieDtlXls.do?code=20182588&sType=box",103572,NA,NA,NA,NA,NA,NA,NA,NA,NA,NA,NA,NA,NA,NA,NA,NA,NA
"269","2019","콜드 체이싱","2019-02-20","http://www.kobis.or.kr/kobis/business/mast/mvie/searchMovieDtlXls.do?code=20185576&sType=box",95670,NA,NA,NA,NA,NA,NA,NA,NA,NA,NA,NA,NA,NA,NA,NA,NA,NA
"270","2019","구스 베이비","2019-01-16","http://www.kobis.or.kr/kobis/business/mast/mvie/searchMovieDtlXls.do?code=20182044&sType=box",91430,NA,NA,NA,NA,NA,NA,NA,NA,NA,NA,NA,NA,NA,NA,NA,NA,NA
"271","2019","라스트 미션","2019-03-14","http://www.kobis.or.kr/kobis/business/mast/mvie/searchMovieDtlXls.do?code=20197356&sType=box",90144,NA,NA,NA,NA,NA,NA,NA,NA,NA,NA,NA,NA,NA,NA,NA,NA,NA
"272","2019","레고 무비2","2019-02-06","http://www.kobis.or.kr/kobis/business/mast/mvie/searchMovieDtlXls.do?code=20185444&sType=box",88359,NA,NA,NA,NA,NA,NA,NA,NA,NA,NA,NA,NA,NA,NA,NA,NA,NA
"273","2019","스파이더맨: 뉴 유니버스","2018-12-12","http://www.kobis.or.kr/kobis/business/mast/mvie/searchMovieDtlXls.do?code=20183238&sType=box",83516,NA,NA,NA,NA,NA,NA,NA,NA,NA,NA,NA,NA,NA,NA,NA,NA,NA
"274","2019","극장판 짱구는 못말려: 아뵤! 쿵후 보이즈 ~라면 대란~","2018-12-19","http://www.kobis.or.kr/kobis/business/mast/mvie/searchMovieDtlXls.do?code=20183479&sType=box",75806,NA,NA,NA,NA,NA,NA,NA,NA,NA,NA,NA,NA,NA,NA,NA,NA,NA
"275","2019","그린치","2018-12-19","http://www.kobis.or.kr/kobis/business/mast/mvie/searchMovieDtlXls.do?code=20182421&sType=box",67906,NA,NA,NA,NA,NA,NA,NA,NA,NA,NA,NA,NA,NA,NA,NA,NA,NA
"276","2019","슈퍼미니 2","2019-02-27","http://www.kobis.or.kr/kobis/business/mast/mvie/searchMovieDtlXls.do?code=20196585&sType=box",48805,NA,NA,NA,NA,NA,NA,NA,NA,NA,NA,NA,NA,NA,NA,NA,NA,NA
"277","2019","쿠르스크","2019-01-16","http://www.kobis.or.kr/kobis/business/mast/mvie/searchMovieDtlXls.do?code=20185047&sType=box",42484,NA,NA,NA,NA,NA,NA,NA,NA,NA,NA,NA,NA,NA,NA,NA,NA,NA
"278","2019","일일시호일","2019-01-17","http://www.kobis.or.kr/kobis/business/mast/mvie/searchMovieDtlXls.do?code=20184704&sType=box",41035,NA,NA,NA,NA,NA,NA,NA,NA,NA,NA,NA,NA,NA,NA,NA,NA,NA
"279","2019","몬스터 파크","2019-01-23","http://www.kobis.or.kr/kobis/business/mast/mvie/searchMovieDtlXls.do?code=20189385&sType=box",38262,NA,NA,NA,NA,NA,NA,NA,NA,NA,NA,NA,NA,NA,NA,NA,NA,NA
"280","2019","더 와이프","2019-02-27","http://www.kobis.or.kr/kobis/business/mast/mvie/searchMovieDtlXls.do?code=20196323&sType=box",37667,NA,NA,NA,NA,NA,NA,NA,NA,NA,NA,NA,NA,NA,NA,NA,NA,NA
"281","2019","드래곤볼 슈퍼: 브로리","2019-02-14","http://www.kobis.or.kr/kobis/business/mast/mvie/searchMovieDtlXls.do?code=20195984&sType=box",35869,NA,NA,NA,NA,NA,NA,NA,NA,NA,NA,NA,NA,NA,NA,NA,NA,NA
"282","2019","인생 후르츠","2018-12-06","http://www.kobis.or.kr/kobis/business/mast/mvie/searchMovieDtlXls.do?code=20182773&sType=box",35440,NA,NA,NA,NA,NA,NA,NA,NA,NA,NA,NA,NA,NA,NA,NA,NA,NA
"283","2019","빠삐용","2019-02-27","http://www.kobis.or.kr/kobis/business/mast/mvie/searchMovieDtlXls.do?code=20195789&sType=box",34519,NA,NA,NA,NA,NA,NA,NA,NA,NA,NA,NA,NA,NA,NA,NA,NA,NA
"284","2019","신밧드와 마법 양탄자","2019-02-13","http://www.kobis.or.kr/kobis/business/mast/mvie/searchMovieDtlXls.do?code=20196404&sType=box",30534,NA,NA,NA,NA,NA,NA,NA,NA,NA,NA,NA,NA,NA,NA,NA,NA,NA
"285","2019","왕이 될 아이","2019-01-16","http://www.kobis.or.kr/kobis/business/mast/mvie/searchMovieDtlXls.do?code=20185276&sType=box",29236,NA,NA,NA,NA,NA,NA,NA,NA,NA,NA,NA,NA,NA,NA,NA,NA,NA
"286","2019","콜드 워","2019-02-07","http://www.kobis.or.kr/kobis/business/mast/mvie/searchMovieDtlXls.do?code=20195790&sType=box",26717,NA,NA,NA,NA,NA,NA,NA,NA,NA,NA,NA,NA,NA,NA,NA,NA,NA
"287","2019","극장판 포켓몬스터 모두의 이야기","2018-12-19","http://www.kobis.or.kr/kobis/business/mast/mvie/searchMovieDtlXls.do?code=20183375&sType=box",25015,NA,NA,NA,NA,NA,NA,NA,NA,NA,NA,NA,NA,NA,NA,NA,NA,NA
"288","2019","모험왕 블링키","2019-02-20","http://www.kobis.or.kr/kobis/business/mast/mvie/searchMovieDtlXls.do?code=20196403&sType=box",24787,NA,NA,NA,NA,NA,NA,NA,NA,NA,NA,NA,NA,NA,NA,NA,NA,NA
"289","2019","러브라이브! 선샤인!! 더 스쿨 아이돌 무비 오버 더 레인보우","2019-02-14","http://www.kobis.or.kr/kobis/business/mast/mvie/searchMovieDtlXls.do?code=20196944&sType=box",24344,NA,NA,NA,NA,NA,NA,NA,NA,NA,NA,NA,NA,NA,NA,NA,NA,NA
"290","2019","명탐정 코난 : 제로의 집행인","2018-08-08","http://www.kobis.or.kr/kobis/business/mast/mvie/searchMovieDtlXls.do?code=20187427&sType=box",23545,NA,NA,NA,NA,NA,NA,NA,NA,NA,NA,NA,NA,NA,NA,NA,NA,NA
"291","2019","드래곤 길들이기","2010-05-20","http://www.kobis.or.kr/kobis/business/mast/mvie/searchMovieDtlXls.do?code=20100190&sType=box",22040,7,18,NA,NA,NA,NA,NA,NA,NA,NA,NA,NA,NA,NA,NA,NA,NA
"292","2019","로마","2018-12-12","http://www.kobis.or.kr/kobis/business/mast/mvie/searchMovieDtlXls.do?code=20184091&sType=box",20998,NA,NA,NA,NA,NA,NA,NA,NA,NA,NA,NA,NA,NA,NA,NA,NA,NA
"293","2019","숲속왕국의 꿀벌 여왕","2019-03-14","http://www.kobis.or.kr/kobis/business/mast/mvie/searchMovieDtlXls.do?code=20196723&sType=box",20650,NA,NA,NA,NA,NA,NA,NA,NA,NA,NA,NA,NA,NA,NA,NA,NA,NA
"294","2019","리노","2019-03-07","http://www.kobis.or.kr/kobis/business/mast/mvie/searchMovieDtlXls.do?code=20177282&sType=box",20234,NA,NA,NA,NA,NA,NA,NA,NA,NA,NA,NA,NA,NA,NA,NA,NA,NA
"295","2019","철벽선생","2019-03-14","http://www.kobis.or.kr/kobis/business/mast/mvie/searchMovieDtlXls.do?code=20197783&sType=box",19760,NA,NA,NA,NA,NA,NA,NA,NA,NA,NA,NA,NA,NA,NA,NA,NA,NA
"296","2019","레토","2019-01-03","http://www.kobis.or.kr/kobis/business/mast/mvie/searchMovieDtlXls.do?code=20184476&sType=box",19221,NA,NA,NA,NA,NA,NA,NA,NA,NA,NA,NA,NA,NA,NA,NA,NA,NA
"297","2019","페이트 스테이 나이트 헤븐즈필 제2장 로스트 버터플라이","2019-03-21","http://www.kobis.or.kr/kobis/business/mast/mvie/searchMovieDtlXls.do?code=20198603&sType=box",19048,NA,NA,NA,NA,NA,NA,NA,NA,NA,NA,NA,NA,NA,NA,NA,NA,NA
"298","2019","빌리어네어 보이즈클럽","2019-01-10","http://www.kobis.or.kr/kobis/business/mast/mvie/searchMovieDtlXls.do?code=20184943&sType=box",17413,NA,NA,NA,NA,NA,NA,NA,NA,NA,NA,NA,NA,NA,NA,NA,NA,NA
"299","2019","아이스","2019-02-07","http://www.kobis.or.kr/kobis/business/mast/mvie/searchMovieDtlXls.do?code=20184276&sType=box",16695,NA,NA,NA,NA,NA,NA,NA,NA,NA,NA,NA,NA,NA,NA,NA,NA,NA
"300","2019","크리드2","2019-02-21","http://www.kobis.or.kr/kobis/business/mast/mvie/searchMovieDtlXls.do?code=20196243&sType=box",15023,NA,NA,NA,NA,NA,NA,NA,NA,NA,NA,NA,NA,NA,NA,NA,NA,NA
